"","kingdom","phylum","class","order","family","genus"
"Otu00001","Bacteria","Proteobacteria","Betaproteobacteria","Burkholderiales","Burkholderiaceae","Lautropia"
"Otu00002","Bacteria","Proteobacteria","Gammaproteobacteria","Cardiobacteriales","Cardiobacteriaceae","Suttonella"
"Otu00003","Bacteria","Proteobacteria","Gammaproteobacteria","Xanthomonadales","Xanthomonadales_unclassified","Xanthomonadales_unclassified"
"Otu00004","Bacteria","Proteobacteria","Betaproteobacteria","Neisseriales","Neisseriaceae","Neisseria"
"Otu00005","Bacteria","Proteobacteria","Betaproteobacteria","Burkholderiales","Comamonadaceae","Comamonadaceae_unclassified"
"Otu00006","Bacteria","Proteobacteria","Gammaproteobacteria","Pseudomonadales","Moraxellaceae","Moraxella"
"Otu00007","Bacteria","Bacteroidetes","Flavobacteriia","Flavobacteriales","Flavobacteriaceae","Capnocytophaga"
"Otu00008","Bacteria","Proteobacteria","Gammaproteobacteria","Pseudomonadales","Moraxellaceae","Moraxellaceae_unclassified"
"Otu00009","Bacteria","Bacteroidetes","Bacteroidia","Bacteroidales","Porphyromonadaceae","Porphyromonas"
"Otu00010","Bacteria","Firmicutes","Clostridia","Clostridiales","Peptostreptococcaceae","Proteocatella"
"Otu00011","Bacteria","Proteobacteria","Gammaproteobacteria","Xanthomonadales","Xanthomonadaceae","Lysobacter"
"Otu00012","Bacteria","Fusobacteria","Fusobacteriia","Fusobacteriales","Fusobacteriaceae","Fusobacterium"
"Otu00013","Bacteria","Proteobacteria","Betaproteobacteria","Burkholderiales","Comamonadaceae","Comamonadaceae_unclassified"
"Otu00014","Bacteria","Fusobacteria","Fusobacteriia","Fusobacteriales","Leptotrichiaceae","Leptotrichia"
"Otu00015","Bacteria","Proteobacteria","Gammaproteobacteria","Enterobacterales","Enterobacteriaceae","Escherichia/Shigella"
"Otu00016","Bacteria","Firmicutes","Bacilli","Lactobacillales","Lactobacillaceae","Lactobacillus"
"Otu00017","Bacteria","Proteobacteria","Gammaproteobacteria","Pasteurellales","Pasteurellaceae","Pasteurella"
"Otu00018","Bacteria","Bacteroidetes","Bacteroidia","Bacteroidales","Bacteroidales_unclassified","Bacteroidales_unclassified"
"Otu00019","Bacteria","Proteobacteria","Gammaproteobacteria","Enterobacterales","Enterobacteriaceae","Enterobacteriaceae_unclassified"
"Otu00020","Bacteria","Firmicutes","Bacilli","Lactobacillales","Lactobacillales_unclassified","Lactobacillales_unclassified"
"Otu00021","Bacteria","Actinobacteria","Actinobacteria","Micrococcales","Microbacteriaceae","Microbacteriaceae_unclassified"
"Otu00022","Bacteria","Fusobacteria","Fusobacteriia","Fusobacteriales","Fusobacteriaceae","Fusobacterium"
"Otu00023","Bacteria","Bacteroidetes","Bacteroidia","Bacteroidales","Porphyromonadaceae","Porphyromonas"
"Otu00024","Bacteria","Proteobacteria","Betaproteobacteria","Neisseriales","Neisseriaceae","Neisseriaceae_unclassified"
"Otu00025","Bacteria","Actinobacteria","Actinobacteria","Mycobacteriales","Corynebacteriaceae","Corynebacterium"
"Otu00026","Bacteria","Bacteroidetes","Bacteroidia","Bacteroidales","Porphyromonadaceae","Porphyromonas"
"Otu00027","Bacteria","Proteobacteria","Gammaproteobacteria","Pseudomonadales","Pseudomonadaceae","Pseudomonas"
"Otu00028","Bacteria","Firmicutes","Bacilli","Bacillales","Bacillaceae_1","Bacillaceae_1_unclassified"
"Otu00029","Bacteria","Firmicutes","Erysipelotrichia","Erysipelotrichales","Erysipelotrichaceae","Holdemania"
"Otu00030","Bacteria","Proteobacteria","Betaproteobacteria","Neisseriales","Neisseriaceae","Neisseriaceae_unclassified"
"Otu00031","Bacteria","Firmicutes","Clostridia","Clostridiales","Peptostreptococcaceae","Peptostreptococcaceae_unclassified"
"Otu00032","Bacteria","Proteobacteria","Betaproteobacteria","Burkholderiales","Burkholderiaceae","Ralstonia"
"Otu00033","Bacteria","Bacteroidetes","Bacteroidia","Bacteroidales","Porphyromonadaceae","Porphyromonas"
"Otu00034","Bacteria","Firmicutes","Clostridia","Clostridiales","Peptostreptococcaceae","Filifactor"
"Otu00035","Bacteria","Bacteroidetes","Flavobacteriia","Flavobacteriales","Weeksellaceae","Bergeyella"
"Otu00036","Bacteria","Bacteroidetes","Bacteroidia","Bacteroidales","Prevotellaceae","Prevotellaceae_unclassified"
"Otu00037","Bacteria","Firmicutes","Clostridia","Clostridiales","Lachnospiraceae","Lachnospiraceae_unclassified"
"Otu00038","Bacteria","Proteobacteria","Gammaproteobacteria","Pasteurellales","Pasteurellaceae","Pasteurellaceae_unclassified"
"Otu00039","Bacteria","Actinobacteria","Actinobacteria","Actinomycetales","Actinomycetaceae","Buchananella"
"Otu00040","Bacteria","Actinobacteria","Actinobacteria","Propionibacteriales","Propionibacteriaceae","Brevilactibacter"
"Otu00041","Bacteria","Actinobacteria","Actinobacteria","Actinomycetales","Actinomycetaceae","Actinomyces"
"Otu00042","Bacteria","Bacteria_unclassified","Bacteria_unclassified","Bacteria_unclassified","Bacteria_unclassified","Bacteria_unclassified"
"Otu00043","Bacteria","Firmicutes","Bacilli","Bacillales","Staphylococcaceae","Staphylococcus"
"Otu00044","Bacteria","Actinobacteria","Actinobacteria","Propionibacteriales","Propionibacteriaceae","Propionibacteriaceae_unclassified"
"Otu00045","Bacteria","Firmicutes","Clostridia","Clostridiales","Clostridiales_unclassified","Clostridiales_unclassified"
"Otu00046","Bacteria","Firmicutes","Bacilli","Lactobacillales","Lactobacillaceae","Levilactobacillus"
"Otu00047","Bacteria","Actinobacteria","Actinobacteria","Actinomycetales","Actinomycetaceae","Actinomycetaceae_unclassified"
"Otu00048","Bacteria","Firmicutes","Erysipelotrichia","Erysipelotrichales","Erysipelotrichaceae","Erysipelotrichaceae_unclassified"
"Otu00049","Bacteria","Bacteroidetes","Bacteroidia","Bacteroidales","Bacteroidaceae","Bacteroides"
"Otu00050","Bacteria","Firmicutes","Clostridia","Clostridiales","Lachnospiraceae","Lachnospiraceae_unclassified"
"Otu00051","Bacteria","Firmicutes","Clostridia","Clostridiales","Clostridiales_unclassified","Clostridiales_unclassified"
"Otu00052","Bacteria","Firmicutes","Clostridia","Clostridiales","Peptostreptococcaceae","Peptoanaerobacter"
"Otu00053","Bacteria","Bacteroidetes","Flavobacteriia","Flavobacteriales","Flavobacteriaceae","Flavobacteriaceae_unclassified"
"Otu00054","Bacteria","Proteobacteria","Gammaproteobacteria","Pseudomonadales","Pseudomonadaceae","Pseudomonas"
"Otu00055","Bacteria","Actinobacteria","Actinobacteria","Micrococcales","Microbacteriaceae","Canibacter"
"Otu00056","Bacteria","Proteobacteria","Gammaproteobacteria","Pseudomonadales","Moraxellaceae","Moraxella"
"Otu00057","Bacteria","Firmicutes","Bacilli","Lactobacillales","Lactobacillaceae","Limosilactobacillus"
"Otu00058","Bacteria","Bacteroidetes","Bacteroidia","Bacteroidales","Porphyromonadaceae","Tannerella"
"Otu00059","Bacteria","Proteobacteria","Betaproteobacteria","Rhodocyclales","Azonexaceae","Dechloromonas"
"Otu00060","Bacteria","Firmicutes","Bacilli","Bacillales","Listeriaceae","Listeria"
"Otu00061","Bacteria","Campilobacterota","Campylobacteria","Campylobacterales","Campylobacteraceae","Campylobacter"
"Otu00062","Bacteria","Bacteroidetes","Bacteroidia","Bacteroidales","Porphyromonadaceae","Porphyromonadaceae_unclassified"
"Otu00063","Bacteria","Bacteria_unclassified","Bacteria_unclassified","Bacteria_unclassified","Bacteria_unclassified","Bacteria_unclassified"
"Otu00064","Bacteria","Verrucomicrobia","Verrucomicrobiae","Verrucomicrobiales","Akkermansiaceae","Akkermansia"
"Otu00065","Bacteria","Actinobacteria","Actinobacteria","Bifidobacteriales","Bifidobacteriaceae","Gardnerella"
"Otu00066","Bacteria","Firmicutes","Clostridia","Clostridiales","Clostridiales_unclassified","Clostridiales_unclassified"
"Otu00067","Bacteria","Actinobacteria","Actinobacteria","Bifidobacteriales","Bifidobacteriaceae","Bifidobacterium"
"Otu00068","Bacteria","Proteobacteria","Gammaproteobacteria","Aeromonadales","Aeromonadaceae","Aeromonas"
"Otu00069","Bacteria","Proteobacteria","Deltaproteobacteria","Myxococcales","Myxococcales_unclassified","Myxococcales_unclassified"
"Otu00070","Bacteria","Firmicutes","Clostridia","Clostridiales","Clostridiales_unclassified","Clostridiales_unclassified"
"Otu00071","Bacteria","Firmicutes","Clostridia","Clostridiales","Lachnospiraceae","Lachnospiraceae_unclassified"
"Otu00072","Bacteria","Proteobacteria","Gammaproteobacteria","Enterobacterales","Hafniaceae","Edwardsiella"
"Otu00073","Bacteria","Proteobacteria","Gammaproteobacteria","Pasteurellales","Pasteurellaceae","Pasteurellaceae_unclassified"
"Otu00074","Bacteria","Bacteria_unclassified","Bacteria_unclassified","Bacteria_unclassified","Bacteria_unclassified","Bacteria_unclassified"
"Otu00075","Bacteria","Actinobacteria","Actinobacteria","Micrococcales","Micrococcaceae","Micrococcus"
"Otu00076","Bacteria","Bacteria_unclassified","Bacteria_unclassified","Bacteria_unclassified","Bacteria_unclassified","Bacteria_unclassified"
"Otu00077","Bacteria","Firmicutes","Clostridia","Clostridiales","Peptostreptococcaceae","Paraclostridium"
"Otu00078","Bacteria","Bacteroidetes","Bacteroidia","Bacteroidales","Bacteroidaceae","Bacteroides"
"Otu00079","Bacteria","Proteobacteria","Betaproteobacteria","Betaproteobacteria_unclassified","Betaproteobacteria_unclassified","Betaproteobacteria_unclassified"
"Otu00080","Bacteria","Firmicutes","Bacilli","Lactobacillales","Lactobacillaceae","Lactobacillus"
"Otu00081","Bacteria","Proteobacteria","Alphaproteobacteria","Sphingomonadales","Sphingomonadaceae","Sphingomonas"
"Otu00082","Bacteria","Firmicutes","Clostridia","Clostridiales","Lachnospiraceae","Lachnospiraceae_unclassified"
"Otu00083","Bacteria","Bacteroidetes","Flavobacteriia","Flavobacteriales","Weeksellaceae","Chryseobacterium"
"Otu00084","Bacteria","Firmicutes","Bacilli","Lactobacillales","Lactobacillaceae","Ligilactobacillus"
"Otu00085","Bacteria","Bacteroidetes","Flavobacteriia","Flavobacteriales","Weeksellaceae","Weeksellaceae_unclassified"
"Otu00086","Bacteria","Firmicutes","Clostridia","Clostridiales","Clostridiales_unclassified","Clostridiales_unclassified"
"Otu00087","Bacteria","Proteobacteria","Betaproteobacteria","Burkholderiales","Comamonadaceae","Comamonadaceae_unclassified"
"Otu00088","Bacteria","Proteobacteria","Deltaproteobacteria","Desulfovibrionales","Desulfomicrobiaceae","Desulfomicrobium"
"Otu00089","Bacteria","Firmicutes","Clostridia","Clostridiales","Peptostreptococcaceae","Paeniclostridium"
"Otu00090","Bacteria","Bacteria_unclassified","Bacteria_unclassified","Bacteria_unclassified","Bacteria_unclassified","Bacteria_unclassified"
"Otu00091","Bacteria","Proteobacteria","Betaproteobacteria","Betaproteobacteria_unclassified","Betaproteobacteria_unclassified","Betaproteobacteria_unclassified"
"Otu00092","Bacteria","Firmicutes","Bacilli","Lactobacillales","Enterococcaceae","Vagococcus"
"Otu00093","Bacteria","Bacteroidetes","Bacteroidia","Bacteroidales","Bacteroidaceae","Phocaeicola"
"Otu00094","Bacteria","Firmicutes","Bacilli","Lactobacillales","Streptococcaceae","Streptococcus"
"Otu00095","Bacteria","Proteobacteria","Betaproteobacteria","Betaproteobacteria_unclassified","Betaproteobacteria_unclassified","Betaproteobacteria_unclassified"
"Otu00096","Bacteria","Proteobacteria","Betaproteobacteria","Nitrosomonadales","Sterolibacteriaceae","Methyloversatilis"
"Otu00097","Bacteria","Proteobacteria","Gammaproteobacteria","Pseudomonadales","Moraxellaceae","Acinetobacter"
"Otu00098","Bacteria","Firmicutes","Clostridia","Clostridiales","Lachnospiraceae","Blautia"
"Otu00099","Bacteria","Firmicutes","Clostridia","Clostridiales","Peptostreptococcaceae","Romboutsia"
"Otu00100","Bacteria","Proteobacteria","Betaproteobacteria","Burkholderiales","Comamonadaceae","Comamonadaceae_unclassified"
"Otu00101","Bacteria","Proteobacteria","Betaproteobacteria","Betaproteobacteria_unclassified","Betaproteobacteria_unclassified","Betaproteobacteria_unclassified"
"Otu00102","Bacteria","Bacteroidetes","Bacteroidia","Bacteroidales","Porphyromonadaceae","Parabacteroides"
"Otu00103","Bacteria","Proteobacteria","Betaproteobacteria","Burkholderiales","Comamonadaceae","Comamonadaceae_unclassified"
"Otu00104","Bacteria","Proteobacteria","Gammaproteobacteria","Methylococcales","Methylococcaceae","Methylococcaceae_unclassified"
"Otu00105","Bacteria","Actinobacteria","Actinobacteria","Micrococcales","Micrococcaceae","Pseudarthrobacter"
"Otu00106","Bacteria","Firmicutes","Clostridia","Clostridiales","Clostridiaceae_1","Clostridium_sensu_stricto"
"Otu00107","Bacteria","Firmicutes","Clostridia","Clostridiales","Ruminococcaceae","Faecalibacterium"
"Otu00108","Bacteria","Proteobacteria","Betaproteobacteria","Burkholderiales","Oxalobacteraceae","Massilia"
"Otu00109","Bacteria","Firmicutes","Bacilli","Bacillales","Bacillaceae_1","Bacillaceae_1_unclassified"
"Otu00110","Bacteria","Acidobacteria","Acidobacteria_Gp1","Gp1","Gp1_unclassified","Gp1_unclassified"
"Otu00111","Bacteria","SR1","SR1_unclassified","SR1_unclassified","SR1_unclassified","SR1_unclassified"
"Otu00112","Bacteria","Proteobacteria","Gammaproteobacteria","Pseudomonadales","Moraxellaceae","Acinetobacter"
"Otu00113","Bacteria","Firmicutes","Erysipelotrichia","Erysipelotrichales","Erysipelotrichaceae","Faecalibaculum"
"Otu00114","Bacteria","Proteobacteria","Deltaproteobacteria","Desulfobacterales","Desulfobulbaceae","Desulfobulbus"
"Otu00115","Bacteria","Firmicutes","Clostridia","Clostridiales","Lachnospiraceae","Lachnospiraceae_unclassified"
"Otu00116","Bacteria","Proteobacteria","Alphaproteobacteria","Rhodospirillales","Azospirillaceae","Azospirillum"
"Otu00117","Bacteria","Firmicutes","Clostridia","Clostridiales","Lachnospiraceae","Kineothrix"
"Otu00118","Bacteria","Bacteroidetes","Flavobacteriia","Flavobacteriales","Flavobacteriaceae","Capnocytophaga"
"Otu00119","Bacteria","Bacteroidetes","Bacteroidia","Bacteroidales","Bacteroidales_unclassified","Bacteroidales_unclassified"
"Otu00120","Bacteria","Firmicutes","Bacilli","Bacillales","Bacillales_unclassified","Bacillales_unclassified"
"Otu00121","Bacteria","Firmicutes","Firmicutes_unclassified","Firmicutes_unclassified","Firmicutes_unclassified","Firmicutes_unclassified"
"Otu00122","Bacteria","Actinobacteria","Actinobacteria","Streptosporangiales","Nocardiopsaceae","Nocardiopsis"
"Otu00123","Bacteria","Proteobacteria","Deltaproteobacteria","Desulfovibrionales","Desulfovibrionaceae","Desulfovibrio"
"Otu00124","Bacteria","Campilobacterota","Campylobacteria","Campylobacterales","Helicobacteraceae","Wolinella"
"Otu00125","Bacteria","Proteobacteria","Gammaproteobacteria","Vibrionales","Vibrionaceae","Vibrio"
"Otu00126","Bacteria","Firmicutes","Bacilli","Lactobacillales","Lactobacillaceae","Limosilactobacillus"
"Otu00127","Bacteria","Synergistetes","Synergistia","Synergistales","Synergistaceae","Fretibacterium"
"Otu00128","Bacteria","Firmicutes","Clostridia","Clostridiales","Lachnospiraceae","Enterocloster"
"Otu00129","Bacteria","Firmicutes","Negativicutes","Veillonellales","Veillonellaceae","Dialister"
"Otu00130","Bacteria","Proteobacteria","Alphaproteobacteria","Sphingomonadales","Sphingomonadaceae","Sphingomonadaceae_unclassified"
"Otu00131","Bacteria","Firmicutes","Clostridia","Clostridiales","Ruminococcaceae","Ruminococcaceae_unclassified"
"Otu00132","Bacteria","Firmicutes","Clostridia","Clostridiales","Clostridiaceae_1","Clostridium_sensu_stricto"
"Otu00133","Bacteria","Actinobacteria","Actinobacteria","Mycobacteriales","Corynebacteriaceae","Corynebacterium"
"Otu00134","Bacteria","Firmicutes","Clostridia","Clostridiales","Lachnospiraceae","Lachnospiraceae_unclassified"
"Otu00135","Bacteria","Firmicutes","Bacilli","Lactobacillales","Streptococcaceae","Lactococcus"
"Otu00136","Bacteria","SR1","SR1_unclassified","SR1_unclassified","SR1_unclassified","SR1_unclassified"
"Otu00138","Bacteria","Actinobacteria","Actinobacteria","Actinobacteria_unclassified","Actinobacteria_unclassified","Actinobacteria_unclassified"
"Otu00139","Bacteria","Actinobacteria","Actinobacteria","Micromonosporales","Micromonosporaceae","Micromonospora"
"Otu00140","Bacteria","Bacteroidetes","Bacteroidia","Bacteroidales","Muribaculaceae","Muribaculaceae_unclassified"
"Otu00141","Bacteria","Proteobacteria","Alphaproteobacteria","Rhizobiales","Bradyrhizobiaceae","Bradyrhizobium"
"Otu00142","Bacteria","Firmicutes","Bacilli","Bacillales","Bacillaceae_1","Bacillaceae_1_unclassified"
"Otu00143","Bacteria","Firmicutes","Bacilli","Lactobacillales","Streptococcaceae","Streptococcus"
"Otu00144","Bacteria","Firmicutes","Erysipelotrichia","Erysipelotrichales","Erysipelotrichaceae","Ileibacterium"
"Otu00145","Bacteria","Proteobacteria","Alphaproteobacteria","Rhodobacterales","Rhodobacteraceae","Rhodobacteraceae_unclassified"
"Otu00146","Bacteria","Proteobacteria","Gammaproteobacteria","Xanthomonadales","Rhodanobacteraceae","Rhodanobacter"
"Otu00147","Bacteria","Proteobacteria","Betaproteobacteria","Burkholderiales","Burkholderiaceae","Paraburkholderia"
"Otu00148","Bacteria","Firmicutes","Bacilli","Lactobacillales","Lactobacillaceae","Lactobacillus"
"Otu00149","Bacteria","Proteobacteria","Betaproteobacteria","Burkholderiales","Burkholderiales_unclassified","Burkholderiales_unclassified"
"Otu00150","Bacteria","Proteobacteria","Betaproteobacteria","Betaproteobacteria_unclassified","Betaproteobacteria_unclassified","Betaproteobacteria_unclassified"
"Otu00151","Bacteria","Proteobacteria","Betaproteobacteria","Betaproteobacteria_unclassified","Betaproteobacteria_unclassified","Betaproteobacteria_unclassified"
"Otu00152","Bacteria","Nitrospirae","Nitrospira","Nitrospirales","Nitrospiraceae","Nitrospira"
"Otu00153","Bacteria","Proteobacteria","Gammaproteobacteria","Xanthomonadales","Xanthomonadaceae","Luteimonas"
"Otu00154","Bacteria","Bacteroidetes","Bacteroidia","Bacteroidales","Bacteroidaceae","Phocaeicola"
"Otu00155","Bacteria","Bacteroidetes","Bacteroidia","Bacteroidales","Bacteroidaceae","Bacteroides"
"Otu00156","Bacteria","Proteobacteria","Gammaproteobacteria","Xanthomonadales","Xanthomonadaceae","Lysobacter"
"Otu00157","Bacteria","Firmicutes","Clostridia","Clostridiales","Ruminococcaceae","Ruminococcaceae_unclassified"
"Otu00160","Bacteria","Firmicutes","Clostridia","Clostridiales","Peptostreptococcaceae","Peptostreptococcus"
"Otu00161","Bacteria","Firmicutes","Clostridia","Clostridiales","Clostridiales_unclassified","Clostridiales_unclassified"
"Otu00162","Bacteria","Bacteroidetes","Bacteroidia","Bacteroidales","Prevotellaceae","Prevotella"
"Otu00163","Bacteria","Firmicutes","Clostridia","Clostridiales","Lachnospiraceae","Lachnospiraceae_unclassified"
"Otu00164","Bacteria","Firmicutes","Erysipelotrichia","Erysipelotrichales","Erysipelotrichaceae","Erysipelotrichaceae_unclassified"
"Otu00165","Bacteria","Proteobacteria","Betaproteobacteria","Burkholderiales","Sutterellaceae","Parasutterella"
"Otu00166","Bacteria","Actinobacteria","Thermoleophilia","Gaiellales","Gaiellaceae","Gaiella"
"Otu00168","Bacteria","Proteobacteria","Betaproteobacteria","Rhodocyclales","Zoogloeaceae","Zoogloea"
"Otu00169","Bacteria","Actinobacteria","Coriobacteriia","Coriobacteriales","Atopobiaceae","Olsenella"
"Otu00170","Bacteria","Acidobacteria","Acidobacteria_Gp1","Gp1","Gp1_unclassified","Gp1_unclassified"
"Otu00171","Bacteria","Proteobacteria","Alphaproteobacteria","Rhizobiales","Rhizobiaceae","Rhizobiaceae_unclassified"
"Otu00172","Bacteria","Bacteria_unclassified","Bacteria_unclassified","Bacteria_unclassified","Bacteria_unclassified","Bacteria_unclassified"
"Otu00173","Bacteria","Proteobacteria","Alphaproteobacteria","Rhizobiales","Devosiaceae","Devosia"
"Otu00174","Bacteria","Firmicutes","Clostridia","Clostridiales","Ruminococcaceae","Ruminococcaceae_unclassified"
"Otu00175","Bacteria","Firmicutes","Bacilli","Lactobacillales","Streptococcaceae","Streptococcus"
"Otu00176","Bacteria","Proteobacteria","Betaproteobacteria","Rhodocyclales","Azonexaceae","Dechloromonas"
"Otu00177","Bacteria","Firmicutes","Erysipelotrichia","Erysipelotrichales","Erysipelotrichaceae","Allobaculum"
"Otu00178","Bacteria","Proteobacteria","Alphaproteobacteria","Rhizobiales","Parvibaculaceae","Parvibaculum"
"Otu00179","Bacteria","Proteobacteria","Gammaproteobacteria","Pseudomonadales","Pseudomonadaceae","Pseudomonas"
"Otu00180","Bacteria","Proteobacteria","Gammaproteobacteria","Xanthomonadales","Xanthomonadaceae","Luteimonas"
"Otu00181","Bacteria","Proteobacteria","Alphaproteobacteria","Sphingomonadales","Sphingomonadaceae","Sphingomonas"
"Otu00182","Bacteria","Proteobacteria","Alphaproteobacteria","Rhizobiales","Phyllobacteriaceae","Mesorhizobium"
"Otu00183","Bacteria","Proteobacteria","Betaproteobacteria","Rhodocyclales","Zoogloeaceae","Thauera"
"Otu00184","Bacteria","Bacteroidetes","Bacteroidia","Bacteroidales","Prevotellaceae","Prevotella"
"Otu00187","Bacteria","Proteobacteria","Betaproteobacteria","Betaproteobacteria_unclassified","Betaproteobacteria_unclassified","Betaproteobacteria_unclassified"
"Otu00191","Bacteria","Firmicutes","Clostridia","Clostridiales","Lachnospiraceae","Lachnospiraceae_unclassified"
"Otu00192","Bacteria","Proteobacteria","Gammaproteobacteria","Gammaproteobacteria_unclassified","Gammaproteobacteria_unclassified","Gammaproteobacteria_unclassified"
"Otu00193","Bacteria","Firmicutes","Bacilli","Lactobacillales","Lactobacillaceae","Lactobacillus"
"Otu00194","Bacteria","Fusobacteria","Fusobacteriia","Fusobacteriales","Fusobacteriaceae","Fusobacterium"
"Otu00195","Bacteria","Proteobacteria","Gammaproteobacteria","Pseudomonadales","Moraxellaceae","Acinetobacter"
"Otu00196","Bacteria","Proteobacteria","Gammaproteobacteria","Pseudomonadales","Moraxellaceae","Moraxellaceae_unclassified"
"Otu00198","Bacteria","Proteobacteria","Betaproteobacteria","Burkholderiales","Burkholderiaceae","Cupriavidus"
"Otu00199","Bacteria","Actinobacteria","Actinobacteria","Micrococcales","Intrasporangiaceae","Intrasporangiaceae_unclassified"
"Otu00201","Bacteria","Proteobacteria","Alphaproteobacteria","Sphingomonadales","Sphingomonadaceae","Sphingomonas"
"Otu00204","Bacteria","Bacteroidetes","Chitinophagia","Chitinophagales","Chitinophagaceae","Flavisolibacter"
"Otu00205","Bacteria","Proteobacteria","Gammaproteobacteria","Enterobacterales","Enterobacterales_unclassified","Enterobacterales_unclassified"
"Otu00209","Bacteria","Nitrospirae","Nitrospira","Nitrospirales","Nitrospiraceae","Nitrospira"
"Otu00211","Bacteria","Firmicutes","Bacilli","Lactobacillales","Enterococcaceae","Enterococcaceae_unclassified"
"Otu00212","Bacteria","Actinobacteria","Actinobacteria","Mycobacteriales","Corynebacteriaceae","Corynebacterium"
"Otu00214","Bacteria","Proteobacteria","Alphaproteobacteria","Rhizobiales","Bradyrhizobiaceae","Bradyrhizobiaceae_unclassified"
"Otu00216","Bacteria","Proteobacteria","Gammaproteobacteria","Enterobacterales","Morganellaceae","Morganella"
"Otu00218","Bacteria","Actinobacteria","Thermoleophilia","Gaiellales","Gaiellaceae","Gaiella"
"Otu00221","Bacteria","Bacteria_unclassified","Bacteria_unclassified","Bacteria_unclassified","Bacteria_unclassified","Bacteria_unclassified"
"Otu00223","Bacteria","Firmicutes","Bacilli","Lactobacillales","Streptococcaceae","Streptococcus"
"Otu00225","Bacteria","Proteobacteria","Betaproteobacteria","Nitrosomonadales","Methylophilaceae","Methylophilaceae_unclassified"
"Otu00226","Bacteria","Firmicutes","Erysipelotrichia","Erysipelotrichales","Erysipelotrichaceae","Erysipelotrichaceae_unclassified"
"Otu00227","Bacteria","Firmicutes","Clostridia","Clostridiales","Lachnospiraceae","Lachnospiraceae_unclassified"
"Otu00228","Bacteria","Proteobacteria","Deltaproteobacteria","Myxococcales","Labilitrichaceae","Labilithrix"
"Otu00230","Bacteria","Firmicutes","Clostridia","Clostridiales","Ruminococcaceae","Flintibacter"
"Otu00231","Bacteria","Firmicutes","Clostridia","Clostridiales","Lachnospiraceae","Lachnospiraceae_unclassified"
"Otu00234","Bacteria","Proteobacteria","Alphaproteobacteria","Rhizobiales","Bradyrhizobiaceae","Bradyrhizobiaceae_unclassified"
"Otu00235","Bacteria","Firmicutes","Bacilli","Bacillales","Bacillales_unclassified","Bacillales_unclassified"
"Otu00236","Bacteria","Proteobacteria","Deltaproteobacteria","Desulfobacterales","Desulfobacteraceae","Desulfobacteraceae_unclassified"
"Otu00238","Bacteria","Firmicutes","Clostridia","Clostridiales","Ruminococcaceae","Ruminococcaceae_unclassified"
"Otu00239","Bacteria","Proteobacteria","Alphaproteobacteria","Rhizobiales","Rhizobiaceae","Rhizobiaceae_unclassified"
"Otu00240","Bacteria","Proteobacteria","Alphaproteobacteria","Sphingomonadales","Sphingomonadaceae","Sphingobium"
"Otu00241","Bacteria","Proteobacteria","Alphaproteobacteria","Sphingomonadales","Sphingomonadaceae","Sphingomonadaceae_unclassified"
"Otu00242","Bacteria","Firmicutes","Clostridia","Clostridiales","Clostridiales_unclassified","Clostridiales_unclassified"
"Otu00244","Bacteria","Firmicutes","Clostridia","Clostridiales","Clostridiales_unclassified","Clostridiales_unclassified"
"Otu00245","Bacteria","Proteobacteria","Betaproteobacteria","Burkholderiales","Burkholderiaceae","Burkholderiaceae_unclassified"
"Otu00246","Bacteria","Bacteroidetes","Bacteroidia","Bacteroidales","Muribaculaceae","Paramuribaculum"
"Otu00248","Bacteria","Bacteroidetes","Bacteroidia","Bacteroidales","Muribaculaceae","Muribaculaceae_unclassified"
"Otu00253","Bacteria","Bacteroidetes","Bacteroidia","Bacteroidales","Muribaculaceae","Muribaculum"
"Otu00254","Bacteria","Proteobacteria","Gammaproteobacteria","Xanthomonadales","Xanthomonadaceae","Arenimonas"
"Otu00255","Bacteria","Proteobacteria","Gammaproteobacteria","Gammaproteobacteria_unclassified","Gammaproteobacteria_unclassified","Gammaproteobacteria_unclassified"
"Otu00256","Bacteria","Proteobacteria","Betaproteobacteria","Betaproteobacteria_unclassified","Betaproteobacteria_unclassified","Betaproteobacteria_unclassified"
"Otu00257","Bacteria","Proteobacteria","Betaproteobacteria","Burkholderiales","Comamonadaceae","Comamonadaceae_unclassified"
"Otu00258","Bacteria","Proteobacteria","Alphaproteobacteria","Sphingomonadales","Sphingomonadaceae","Sphingomonas"
"Otu00259","Bacteria","Gemmatimonadetes","Gemmatimonadetes","Gemmatimonadales","Gemmatimonadaceae","Gemmatimonadaceae_unclassified"
"Otu00261","Bacteria","Proteobacteria","Alphaproteobacteria","Sphingomonadales","Sphingomonadaceae","Sphingobium"
"Otu00262","Bacteria","Campilobacterota","Campylobacteria","Campylobacterales","Sulfurovaceae","Sulfurovum"
"Otu00264","Bacteria","Bacteroidetes","Flavobacteriia","Flavobacteriales","Weeksellaceae","Weeksellaceae_unclassified"
"Otu00265","Bacteria","Proteobacteria","Alphaproteobacteria","Rhodospirillales","Geminicoccaceae","Arboricoccus"
"Otu00268","Bacteria","Firmicutes","Clostridia","Clostridiales","Ruminococcaceae","Ruminococcaceae_unclassified"
"Otu00269","Bacteria","Proteobacteria","Gammaproteobacteria","Nevskiales","Steroidobacteraceae","Steroidobacteraceae_unclassified"
"Otu00270","Bacteria","Bacteroidetes","Bacteroidia","Bacteroidales","Muribaculaceae","Muribaculaceae_unclassified"
"Otu00273","Bacteria","Firmicutes","Bacilli","Lactobacillales","Lactobacillaceae","Lactobacillaceae_unclassified"
"Otu00274","Bacteria","Proteobacteria","Gammaproteobacteria","Xanthomonadales","Xanthomonadaceae","Chujaibacter"
"Otu00275","Bacteria","Proteobacteria","Deltaproteobacteria","Myxococcales","Myxococcales_unclassified","Myxococcales_unclassified"
"Otu00276","Bacteria","Proteobacteria","Alphaproteobacteria","Sphingomonadales","Erythrobacteraceae","Erythrobacteraceae_unclassified"
"Otu00277","Bacteria","Firmicutes","Clostridia","Clostridiales","Lachnospiraceae","Lachnospiraceae_unclassified"
"Otu00280","Bacteria","Proteobacteria","Deltaproteobacteria","Deltaproteobacteria_unclassified","Deltaproteobacteria_unclassified","Deltaproteobacteria_unclassified"
"Otu00284","Bacteria","Verrucomicrobia","Subdivision3","Subdivision3_unclassified","Subdivision3_unclassified","Subdivision3_unclassified"
"Otu00285","Bacteria","Proteobacteria","Deltaproteobacteria","Desulfovibrionales","Desulfovibrionaceae","Desulfovibrionaceae_unclassified"
"Otu00288","Bacteria","Bacteroidetes","Bacteroidia","Bacteroidales","Muribaculaceae","Muribaculaceae_unclassified"
"Otu00289","Bacteria","Bacteroidetes","Bacteroidia","Bacteroidales","Muribaculaceae","Muribaculaceae_unclassified"
"Otu00290","Bacteria","Bacteroidetes","Bacteroidia","Bacteroidales","Muribaculaceae","Muribaculaceae_unclassified"
"Otu00293","Bacteria","Firmicutes","Clostridia","Clostridiales","Lachnospiraceae","Lachnospiraceae_unclassified"
"Otu00298","Bacteria","Acidobacteria","Acidobacteria_Gp1","Gp1","Gp1_unclassified","Gp1_unclassified"
"Otu00301","Bacteria","Acidobacteria","Acidobacteria_Gp6","Gp6","Gp6_unclassified","Gp6_unclassified"
"Otu00302","Bacteria","Bacteroidetes","Bacteroidia","Bacteroidales","Bacteroidales_unclassified","Bacteroidales_unclassified"
"Otu00303","Bacteria","Firmicutes","Clostridia","Clostridiales","Peptostreptococcaceae","Peptostreptococcus"
"Otu00304","Bacteria","Bacteroidetes","Bacteroidia","Bacteroidales","Rikenellaceae","Alistipes"
"Otu00306","Bacteria","Proteobacteria","Alphaproteobacteria","Rhizobiales","Hyphomicrobiaceae","Hyphomicrobiaceae_unclassified"
"Otu00307","Bacteria","Firmicutes","Clostridia","Clostridiales","Ruminococcaceae","Ruminococcaceae_unclassified"
"Otu00312","Bacteria","Firmicutes","Negativicutes","Acidaminococcales","Acidaminococcaceae","Phascolarctobacterium"
"Otu00313","Bacteria","Proteobacteria","Alphaproteobacteria","Sphingomonadales","Sphingomonadaceae","Sphingomonas"
"Otu00314","Bacteria","Firmicutes","Clostridia","Clostridiales","Peptostreptococcaceae","Peptostreptococcaceae_unclassified"
"Otu00316","Bacteria","Firmicutes","Clostridia","Clostridiales","Lachnospiraceae","Ruminococcus2"
"Otu00319","Bacteria","Proteobacteria","Alphaproteobacteria","Rhizobiales","Phyllobacteriaceae","Phyllobacteriaceae_unclassified"
"Otu00322","Bacteria","Firmicutes","Clostridia","Clostridiales","Lachnospiraceae","Lachnospiraceae_unclassified"
"Otu00323","Bacteria","Firmicutes","Bacilli","Bacillales","Bacillales_Incertae_Sedis_XII","Exiguobacterium"
"Otu00324","Bacteria","Actinobacteria","Actinobacteria_unclassified","Actinobacteria_unclassified","Actinobacteria_unclassified","Actinobacteria_unclassified"
"Otu00326","Bacteria","Firmicutes","Clostridia","Clostridiales","Clostridiales_unclassified","Clostridiales_unclassified"
"Otu00327","Bacteria","Firmicutes","Clostridia","Clostridiales","Ruminococcaceae","Dysosmobacter"
"Otu00328","Bacteria","Proteobacteria","Gammaproteobacteria","Enterobacterales","Enterobacteriaceae","Enterobacteriaceae_unclassified"
"Otu00331","Bacteria","Firmicutes","Clostridia","Clostridiales","Clostridiales_unclassified","Clostridiales_unclassified"
"Otu00333","Bacteria","Proteobacteria","Betaproteobacteria","Betaproteobacteria_unclassified","Betaproteobacteria_unclassified","Betaproteobacteria_unclassified"
"Otu00339","Bacteria","Bacteria_unclassified","Bacteria_unclassified","Bacteria_unclassified","Bacteria_unclassified","Bacteria_unclassified"
"Otu00341","Bacteria","Bacteroidetes","Chitinophagia","Chitinophagales","Chitinophagaceae","Chitinophagaceae_unclassified"
"Otu00344","Bacteria","Bacteroidetes","Bacteroidetes_unclassified","Bacteroidetes_unclassified","Bacteroidetes_unclassified","Bacteroidetes_unclassified"
"Otu00346","Bacteria","Bacteroidetes","Bacteroidia","Bacteroidales","Muribaculaceae","Muribaculaceae_unclassified"
"Otu00350","Bacteria","Bacteroidetes","Bacteroidia","Bacteroidales","Bacteroidales_unclassified","Bacteroidales_unclassified"
"Otu00358","Bacteria","Proteobacteria","Gammaproteobacteria","Enterobacterales","Morganellaceae","Proteus"
"Otu00359","Bacteria","Verrucomicrobia","Opitutae","Opitutales","Opitutaceae","Opitutaceae_unclassified"
"Otu00367","Bacteria","Firmicutes","Clostridia","Clostridiales","Ruminococcaceae","Ruminococcus"
"Otu00371","Bacteria","Bacteroidetes","Bacteroidia","Bacteroidales","Muribaculaceae","Duncaniella"
"Otu00372","Bacteria","Proteobacteria","Betaproteobacteria","Nitrosomonadales","Nitrosomonadales_unclassified","Nitrosomonadales_unclassified"
"Otu00373","Bacteria","Bacteria_unclassified","Bacteria_unclassified","Bacteria_unclassified","Bacteria_unclassified","Bacteria_unclassified"
"Otu00375","Bacteria","Proteobacteria","Deltaproteobacteria","Desulfuromonadales","Desulfuromonadaceae","Desulfuromonadaceae_unclassified"
"Otu00386","Bacteria","Verrucomicrobia","Subdivision3","Subdivision3_unclassified","Subdivision3_unclassified","Subdivision3_unclassified"
"Otu00388","Bacteria","Acidobacteria","Acidobacteria_Gp16","Gp16","Gp16_unclassified","Gp16_unclassified"
"Otu00389","Bacteria","Firmicutes","Clostridia","Clostridiales","Lachnospiraceae","Acetatifactor"
"Otu00402","Bacteria","Firmicutes","Clostridia","Clostridiales","Lachnospiraceae","Lachnospira"
"Otu00405","Bacteria","Bacteroidetes","Bacteroidia","Bacteroidales","Muribaculaceae","Muribaculum"
"Otu00410","Bacteria","Firmicutes","Bacilli","Bacillales","Bacillaceae_1","Geobacillus"
"Otu00416","Bacteria","Firmicutes","Clostridia","Clostridiales","Ruminococcaceae","Ruminococcaceae_unclassified"
"Otu00417","Bacteria","Firmicutes","Clostridia","Clostridiales","Lachnospiraceae","Lachnospiraceae_unclassified"
"Otu00418","Bacteria","Bacteroidetes","Bacteroidia","Bacteroidales","Muribaculaceae","Muribaculaceae_unclassified"
"Otu00421","Bacteria","Bacteroidetes","Bacteroidia","Bacteroidales","Muribaculaceae","Muribaculaceae_unclassified"
"Otu00422","Bacteria","Proteobacteria","Gammaproteobacteria","Chromatiales","Chromatiales_unclassified","Chromatiales_unclassified"
"Otu00423","Bacteria","Firmicutes","Clostridia","Clostridiales","Peptostreptococcaceae","Proteocatella"
"Otu00429","Bacteria","Bacteroidetes","Bacteroidia","Bacteroidales","Muribaculaceae","Muribaculum"
"Otu00436","Bacteria","Proteobacteria","Gammaproteobacteria","Enterobacterales","Enterobacterales_unclassified","Enterobacterales_unclassified"
"Otu00437","Bacteria","Candidatus_Saccharibacteria","Candidatus_Saccharibacteria_unclassified","Candidatus_Saccharibacteria_unclassified","Candidatus_Saccharibacteria_unclassified","Candidatus_Saccharibacteria_unclassified"
"Otu00447","Bacteria","Firmicutes","Clostridia","Clostridiales","Lachnospiraceae","Lachnospiraceae_unclassified"
"Otu00454","Bacteria","Actinobacteria","Thermoleophilia","Gaiellales","Gaiellaceae","Gaiella"
"Otu00457","Bacteria","Proteobacteria","Betaproteobacteria","Burkholderiales","Sutterellaceae","Sutterellaceae_unclassified"
"Otu00469","Bacteria","Firmicutes","Clostridia","Clostridiales","Ruminococcaceae","Ruminococcaceae_unclassified"
"Otu00471","Bacteria","Proteobacteria","Gammaproteobacteria","Xanthomonadales","Xanthomonadaceae","Lysobacter"
"Otu00480","Bacteria","Bacteroidetes","Flavobacteriia","Flavobacteriales","Weeksellaceae","Empedobacter"
"Otu00482","Bacteria","Firmicutes","Clostridia","Clostridiales","Ruminococcaceae","Intestinimonas"
"Otu00485","Bacteria","Actinobacteria","Acidimicrobiia","Acidimicrobiales","Iamiaceae","Actinomarinicola"
"Otu00493","Bacteria","Firmicutes","Clostridia","Clostridiales","Lachnospiraceae","Lachnospiraceae_unclassified"
"Otu00496","Bacteria","Firmicutes","Clostridia","Clostridiales","Lachnospiraceae","Lachnospiraceae_unclassified"
"Otu00499","Bacteria","Bacteroidetes","Bacteroidia","Bacteroidales","Muribaculaceae","Duncaniella"
"Otu00505","Bacteria","Actinobacteria","Actinobacteria_unclassified","Actinobacteria_unclassified","Actinobacteria_unclassified","Actinobacteria_unclassified"
"Otu00506","Bacteria","Firmicutes","Clostridia","Clostridiales","Clostridiaceae_1","Clostridium_sensu_stricto"
"Otu00515","Bacteria","Firmicutes","Bacilli","Bacilli_unclassified","Bacilli_unclassified","Bacilli_unclassified"
"Otu00522","Bacteria","Proteobacteria","Betaproteobacteria","Betaproteobacteria_unclassified","Betaproteobacteria_unclassified","Betaproteobacteria_unclassified"
"Otu00527","Bacteria","Proteobacteria","Gammaproteobacteria","Enterobacterales","Enterobacterales_unclassified","Enterobacterales_unclassified"
"Otu00579","Bacteria","Proteobacteria","Alphaproteobacteria","Sphingomonadales","Sphingomonadaceae","Sphingomonas"
"Otu00581","Bacteria","Firmicutes","Clostridia","Clostridiales","Lachnospiraceae","Lachnospiraceae_unclassified"
"Otu00583","Bacteria","Proteobacteria","Betaproteobacteria","Burkholderiales","Sutterellaceae","Parasutterella"
"Otu00605","Bacteria","Firmicutes","Clostridia","Clostridiales","Lachnospiraceae","Lachnospiraceae_unclassified"
"Otu00606","Bacteria","Proteobacteria","Gammaproteobacteria","Chromatiales","Thioprofundaceae","Thioprofundaceae_unclassified"
"Otu00616","Bacteria","Proteobacteria","Alphaproteobacteria","Rhodospirillales","Acetobacteraceae","Komagataeibacter"
"Otu00641","Bacteria","Firmicutes","Clostridia","Clostridiales","Clostridiales_unclassified","Clostridiales_unclassified"
"Otu00647","Bacteria","Firmicutes","Bacilli","Bacillales","Bacillales_unclassified","Bacillales_unclassified"
"Otu00744","Bacteria","Proteobacteria","Gammaproteobacteria","Gammaproteobacteria_unclassified","Gammaproteobacteria_unclassified","Gammaproteobacteria_unclassified"
"Otu00782","Bacteria","Balneolaeota","Balneolia","Balneolales","Balneolales_unclassified","Balneolales_unclassified"
